id,first_name,last_name,address_line_1,email,city,zip,employment_age,country
1,James,Smith,12345 55th ave ne,js@gmail.com,New York,98101,8,United States
2,Vitra,Harra,6598 sw grand st,vh@yahoo.com,Seattle,52103,12,India
3,Emily,Bronson,4343 boolean st,eb@microsoft.com,Bellevue,97125,5,France
4,Gretta,VanHeld,21436 76th st ne,gv@hotmail.com,Dallas,89941,3,Germany
5,Christina,Montroe,09809 104th ave se,cm@gmail.com,York,13264,2,United Kingdom
6,Daniel,Donner,21313 wonder st nw,dd@yajoo.com,Grand Island,45646,4,South Africa
7,Geogre,Rafferti,34223 89th ave nw,gr@gmail.com,Lincoln,15316,1,Philippines
8,Sameer,Nevali,45576 twine ave se,sn@gmail.com,San Fransico,45489,46,United States
9,Nitesh,Raja,32123 booggie st w,nr@yahoo.com,Laguna,48498,3,India
10,Bob,Burger,54321 burgertime ave ne,bb@burger.com,BurgerVille,78785,12,United States